{"cameraMode":{"drawMode":0,"name":"Shaded","section":"Shading Mode"},"sceneLighting":false,"audioPlay":false,"sceneViewState":{"m_AlwaysRefresh":false,"showFog":true,"showSkybox":true,"showFlares":true,"showImageEffects":true,"showParticleSystems":true,"showVisualEffectGraphs":true,"m_FxEnabled":false},"in2DMode":false,"pivot":{"x":-68.55374908447266,"y":71.12346649169922,"z":137.93377685546876},"rotation":{"x":0.0002774086024146527,"y":0.9827510118484497,"z":-0.1849292665719986,"w":0.0014741317136213184},"size":126.43546295166016,"orthographic":true}