{"cameraMode":{"drawMode":0,"name":"Shaded","section":"Shading Mode"},"sceneLighting":false,"audioPlay":false,"sceneViewState":{"m_AlwaysRefresh":false,"showFog":true,"showSkybox":true,"showFlares":true,"showImageEffects":true,"showParticleSystems":true,"showVisualEffectGraphs":true,"m_FxEnabled":false},"in2DMode":false,"pivot":{"x":217.2909393310547,"y":92.34679412841797,"z":176.31533813476563},"rotation":{"x":0.28344669938087466,"y":-0.40587130188941958,"z":0.13399964570999146,"w":0.8584816455841065},"size":276.2491149902344,"orthographic":true}