{"cameraMode":{"drawMode":0,"name":"Shaded","section":"Shading Mode"},"sceneLighting":false,"audioPlay":false,"sceneViewState":{"m_AlwaysRefresh":false,"showFog":true,"showSkybox":true,"showFlares":true,"showImageEffects":true,"showParticleSystems":true,"showVisualEffectGraphs":true,"m_FxEnabled":false},"in2DMode":false,"pivot":{"x":-0.48382553458213808,"y":-2.8912713527679445,"z":-19.752521514892579},"rotation":{"x":0.34873831272125246,"y":0.060391366481781009,"z":-0.022524891421198846,"w":0.9350016117095947},"size":87.14103698730469,"orthographic":true}